name,latitude,longitude
Poland Spring,44.075133,-70.4162989
Oak Hill,44.0503503,-70.4086677
Five Corners,44.0753499,-70.4164457
Promised Land,44.0678498,-70.4386683
Moussam,44.0803504,-70.3408891
Hackett Mills,44.0859058,-70.3356113
Empire,44.053962,-70.3242219
South Main Street Historic District,41.0220993,-80.6107507
Chapel of the Evangelical Free Church,41.022837,-80.6084062
Bailey Hill,44.0667393,-70.3653338
Black Cat Mountain,44.0031286,-70.4239453
Harris Hill,44.0834057,-70.3647784
Johnson Hill,44.0167392,-70.4556125
Megquier Hill,44.0400723,-70.4483904
White Oak Hill,44.044517,-70.4058898
Range Hill,44.0086845,-70.3753335
Raspberry Hill,44.0772945,-70.3922788
Ricker Hill,44.0247955,-70.3600557
Shaker Hill,44.0039625,-70.363111
Waterhouse Brook Dam,44.0617392,-70.3895008
Elan Rehabilitation Center,44.0072955,-70.386167
Empire Grove Church,44.0603508,-70.3275554
Oak Hill,44.0509058,-70.4045009
Poland Baptist Church,44.0614614,-70.3942231
Poland Community Church,44.0620169,-70.3939453
Potash Cove,44.0459054,-70.4620018
Lower Range Seaplane Base,44.0445173,-70.3683892
Pro Shop,44.0291235,-70.3611169
Dunkin' Donuts,44.0693403,-70.4073179
Subway,44.069288,-70.407362
Family Dollar,44.0693658,-70.4082153
Vernal Pool,44.0626603,-70.4070366
White Oaks,44.0607616,-70.4027512
East Poland Post Office,44.070492,-70.3283324
Androscoggin County Sheriffs Department Poland Unit,44.0618487,-70.3955494
FairPoint Central Office,44.0613696,-70.394608
Big Apple,44.0751039,-70.4150453
Maine DOT,44.0677248,-70.404984
West Poland Post Office,44.0355243,-70.4379068
Poland Fire and Rescue Department,44.0617217,-70.3902775
Poland Public Works,44.0608944,-70.3907513
McDonald's,44.0751927,-70.4152171
Poland Transfer Station,44.0679558,-70.408155
J.M. Morin Earthworks,44.0909597,-70.3442241
Poland Manor,41.0168316,-80.6119945
Pressed Coffee Bar & Eatery,41.0228284,-80.6106838
President William McKinley's Boyhood Home,41.0230403,-80.6123632
Walgreens,41.0247684,-80.6161853
Butler Circle,41.0152376,-80.6191278
The Backwaters,41.0273191,-80.6060251
Bake Me Treats,41.0236961,-80.614876
Agassiz Village,44.038708,-70.4732408
The Old Stone Tavern,41.0234877,-80.6128636
South Main Street District,41.0199764,-80.6083827
The Village Green and Graveyard / Poland Presbyterian Church,41.019531,-80.6080425
Lewiston Street,44.106018,-70.3759905
Girardin Lane,44.071459,-70.399849
Quarry Road,43.9899875,-70.3691125
King Avenue,44.0608175,-70.3292105
Fire Lane 4,44.063612,-70.4702795
Fire Lane 6,44.055236,-70.462182
Autumn Drive,44.0129444,-70.3685526
Agassiz Village Lane,44.0385769,-70.4702305
Preservation Way,44.0284915,-70.3615435
Donald Ross Drive,44.0285434,-70.3616947
Simplicity Way,43.9979868,-70.3621329
Preservation Way,44.0256891,-70.3632435
Donald Ross Drive,44.0270212,-70.3610802
Brown Road,44.0758415,-70.4011852
Felker Road,44.075218,-70.404459
Felker Road,44.0750555,-70.4044855
Easy Street,44.036035,-70.382475
Easy Street,44.036607,-70.3821595
Tripp Lake Road,44.0643408,-70.4115138
Linden Lane,44.013721,-70.3842655
Haskell Lane,44.055591,-70.46267
Robbins Way,44.027067,-70.362119
Birch Drive,44.0264335,-70.3740375
Waterhouse Road,44.0668695,-70.424675
Abrams Lane,44.04268,-70.4688905
Cobble Knoll Road,44.0181738,-70.3588036
Lucys Drive,44.0200595,-70.456832
Garland Swamp Road,44.060804,-70.4240725
Frank Way,44.0856335,-70.3344815
Frank Way,44.086038,-70.334079
Brook Drive,44.0677855,-70.302136
Loon Point Lane,44.0464165,-70.469767
Max Pine Lane,44.0118475,-70.38559
Tibbett's Way,44.064725,-70.470739
Deerfield Road,43.997095,-70.398578
Duffers Way,44.073268,-70.3942195
Park Avenue,44.0602375,-70.327889
Mountainview Drive,43.998426,-70.400213
Bailey Hill Road,44.059262,-70.353417
Bailey Hill Road,44.063717,-70.3614635
Doten Lane,44.084395,-70.322186
Groves Lane,44.073416,-70.412242
Bragdon Hill Road,44.018138,-70.399557
Bragdon Hill Road,44.030044,-70.4215805
Truman Way,44.0179295,-70.390677
Empire Road,44.0566795,-70.3339995
Walnut Street,44.0766785,-70.412834
Range Road,44.0288455,-70.331118
Range Road,44.0274175,-70.328686
Nuthatch Lane,44.031431,-70.3855505
Marjorie Lane,44.0490115,-70.440943
Fernald Road,44.0475555,-70.4451
Nash Lane,43.994504,-70.406601
Lake Shore Drive,44.0336435,-70.3708255
Connor Lane,44.0467019,-70.3775816
Paradox Lane,44.0756885,-70.435088
Cardinal Lane,44.0195645,-70.383938
Hemlock,44.031627,-70.371963
Belanger Drive,44.075059,-70.3636525
Belanger Drive,44.0765301,-70.3646628
Stonewall Drive,44.041984,-70.3216795
South Main Street,44.0895699,-70.4046024
Bakerstown Road,44.0749148,-70.4166232
Bakerstown Road,44.0749626,-70.416664
Waste Not Drive,44.0678507,-70.4090251
Harris Hill Road,44.0761211,-70.3471531
Mc Cann Road,44.048296,-70.41617
Aspen Way,44.0252085,-70.347861
Proulx Lane,44.0539619,-70.4572227
Pleasant Valley Circle,43.9997775,-70.398517
Pleasant Valley Circle,44.0001455,-70.397627
West Shore Drive,44.030319,-70.3839915
Dunn Road,44.045552,-70.3194544
Herrick Valley Road,44.0730224,-70.4428972
Edwards Road,44.018184,-70.4615405
Edwards Road,44.019253,-70.4604515
North Raymond Road,44.014977,-70.424138
Hope Springs Road,44.0722235,-70.349415
Russell Road,44.040681,-70.4524925
Russell Road,44.0388005,-70.4527875
Range Hill Road,44.005847,-70.3789005
Hart Lane,44.08076,-70.3310545
Estes Way,44.0371619,-70.4020666
Flynt Drive,44.067509,-70.383938
Penney Road,44.066724,-70.4239925
Fox Run Road,44.0815675,-70.3288135
Fox Run Road,44.082395,-70.3291905
Wild Turkey Way,44.02726,-70.4278555
Pike Industrial Road,44.0174723,-70.3506113
Range Pond Camp Ground,44.043016,-70.3453695
Bunting Lane,44.066618,-70.468504
Maple View Circle,44.060308,-70.4169775
Maple View Circle,44.0632626,-70.4132295
Bishop Road,44.0276955,-70.3403535
Westview Drive,44.0299111,-70.3711697
Sanderson Road,44.0570775,-70.3743925
Cemetery Road,44.0241279,-70.364341
Saunders Road,44.056583,-70.3762205
Maple Lane,44.0893335,-70.365703
Groves Lane,44.073411,-70.410745
Amvet Road,44.010155,-70.4042885
West Hardscrabble Road,44.0585605,-70.2866456
Watson Road,44.0059925,-70.4071215
Blackberry Lane,43.9948445,-70.4060525
Verrill Road,44.0240005,-70.3366221
Echo Cove Lane,44.0120613,-70.3964311
Second Avenue,44.02721,-70.3743995
Cedar Mills Road,44.074377,-70.3653065
Sandy Lane,44.0881955,-70.343785
Old Tiger Hill Road,44.0639575,-70.4559555
Cleve Tripp Road,44.011768,-70.403833
Woodberry Lane,44.0240335,-70.3826
Bolduc Lane,44.0573835,-70.460231
Maine Street,44.0742806,-70.4149105
Maine Street,44.072406,-70.4124945
Poland Spring Drive,44.0267794,-70.3529325
Broadway Circle,44.0610875,-70.3279535
Old Blackcat Mountain Road,44.0128858,-70.4286084
Plains Road,44.043182,-70.3457325
Woodland Shore Drive,44.018552,-70.3789269
Woodland Shore Drive,44.0162632,-70.3801355
Otter Lane,43.9967875,-70.41006
Tucker Lane,43.994251,-70.4074105
Hardscrabble Road,44.0719618,-70.307952
Goss Way,44.0822525,-70.363323
State Park Road,44.0407132,-70.3492017
Ann Street,44.0664016,-70.3039081
Hunt Road,44.078142,-70.37453
Berry Court,44.081203,-70.318297
McIntosh Lane,44.0205905,-70.462136
Timber Lane,43.997699,-70.399896
First Avenue,44.029842,-70.373439
East Crestwood,44.0283255,-70.345668
Osprey Cove Lane,43.9951805,-70.405132
Chabot Drive,44.0964615,-70.3582165
Potash Lane,44.039904,-70.453375
Megquier Hill Road,44.0546145,-70.45545
Jordan Shore Drive,44.0454314,-70.4266506
Mark Street,44.06595,-70.3043135
August Street,44.0676079,-70.3027285
Tiger Hill Road,44.080271,-70.452325
Stones Lane,44.0485193,-70.4544334
Birchwood Lane,44.0100968,-70.3597257
Camp Fernwood Lane,44.059743,-70.4634432
Storm Cove Lane,44.042466,-70.4542575
Fire Ln 12,44.046807,-70.4535495
Heath Road,44.0252226,-70.4679354
Glen Lane,44.0130666,-70.3937073
Watson Drive,44.0002235,-70.408833
Watson Drive,44.000137,-70.4088115
Northern Spring Drive,44.0670005,-70.3862355
Robert's Drive,44.075232,-70.3740604
Cobb Brook Lane,44.0685735,-70.354181
Cobb Road,44.0608548,-70.3785845
Fieldstone Road,44.071491,-70.471798
Upper Range Drive,44.005523,-70.4059675
East Record Road,44.0749895,-70.329288
Tennis Road,44.0252443,-70.360632
Pigeon Hill Road,44.0917115,-70.4269745
Colbath Road,44.0031825,-70.3811465
Parson's Way,44.061271,-70.327062
Cassie Lane,44.00358,-70.4144555
Cherry Road,44.0810472,-70.3190014
Backwood Drive,44.0686825,-70.328601
Spruce Drive,44.0090191,-70.4019909
Chestnut Drive,44.0816121,-70.3185535
Chestnut Drive,44.0822125,-70.316571
Schwabe Lane,44.0132035,-70.3892345
Foster Road,44.034994,-70.3002604
Hideaway Road,44.0666975,-70.3632665
High View Drive,44.0012631,-70.3616775
Jackson Road,44.0432508,-70.3911212
Cimino Drive,44.0281515,-70.347092
Schellinger Road,44.0265512,-70.3873023
Schellinger Road,44.0148555,-70.393164
Ash Drive,44.0815536,-70.3204657
West Crestwood,44.0255815,-70.3490215
Apple Blossom Drive,44.067766,-70.3728375
Apple Blossom Drive,44.0691715,-70.3755835
Village Street,44.0686022,-70.3027213
Klondike Road,44.067425,-70.4236835
Cottage Way,44.0244732,-70.3630755
Bois Lane,44.0134132,-70.3933558
Auction Drive,44.0514655,-70.3704155
Hickory Way,44.0413345,-70.3357945
Orchard Road,44.0662615,-70.364297
Miller Drive,44.0619285,-70.328367
Poplar Drive,44.080795,-70.3188617
Poplar Drive,44.0805349,-70.3180465
Bluebird Drive,43.996734,-70.4010925
Pond Lane,44.0425425,-70.442128
Lafrinea Lane,44.0054681,-70.3701063
Hackett Mills Road,44.082014,-70.339724
Blackcat Mountain Road,44.0019185,-70.4162405
Black Island Road,44.0639454,-70.4791427
Winterbrook Road,44.0757293,-70.4261439
Mechanic Falls Road,44.094509,-70.3480805
Walker Point Road,44.0226345,-70.387129
Windsor Place,44.075364,-70.438703
West Record Road,44.074345,-70.3350915
Evergreen Drive,44.0766248,-70.4126578
Dale Street,44.0681015,-70.3024455
Willow Lane,44.0403515,-70.4596945
Carpenter Road,44.0087203,-70.3678607
Everett Road,44.072476,-70.362183
Tripp Lake Camp Road,44.0700805,-70.4406755
Tripp Lake Camp Road,44.0657844,-70.4349725
Tripp Lake Camp Road,44.0603634,-70.4366128
Tripp Lake Camp Road,44.0654024,-70.4370486
Hines Road,44.0163695,-70.3658145
Perkins Road,44.0543765,-70.3737325
Sawyer Road,44.0594155,-70.380284
Lewiston Junction Road,44.050513,-70.303226
Violette Avenue,44.0841415,-70.322004
Oakridge Drive,44.0090285,-70.359143
Summit Springs Road,44.038111,-70.3994723
Summit Springs Road,44.0283405,-70.388223
Little Hill Lane,44.0456705,-70.468962
White Oak Hill Road,44.0446372,-70.41919
Pine Avenue,44.060391,-70.328656
Shannon Lane,43.999919,-70.410708
Julie Street,44.065879,-70.304676
Bakerstown Road,44.0299292,-70.437118
Cliff Lane,44.041408,-70.4539695
Knoll Road,44.034266,-70.4423815
Gagne Lane,44.0530881,-70.3585913
Poland Corner Road,44.0720725,-70.3778435
Lane Road,44.0815505,-70.3297147
Strout Road,44.054451,-70.409838
Front Avenue,44.061941,-70.3274835
Front Avenue,44.0597055,-70.327337
Holmes Drive,44.043961,-70.4386125
Pulsifer Road,44.063247,-70.3566005
Keystone Spring Road,44.0781385,-70.325221
Laken Ledge Lane,44.0371945,-70.441242
Old Plains Road,44.0510342,-70.373279
Florence Lane,44.0412545,-70.4634895
Florence Lane,44.041053,-70.4615685
Amy Street,44.0658557,-70.3031611
Walker Road,44.1002045,-70.367533
Outlet Road,43.988421,-70.364565
Lakewood Lane,44.048391,-70.452479
Downy Lane,44.028158,-70.328114
Chickadee Lane,44.0228685,-70.385877
Levine Road,44.0690194,-70.299364
Andrew Street,44.0646675,-70.304855
Rosewood Lane,44.0662894,-70.3865448
Philip Way,44.0506715,-70.3856365
Torrey Road,44.0491355,-70.3167975
Aggregate Road,44.060536,-70.3898023
Johnson Hill Road,44.0226085,-70.4615675
Johnson Hill Road,44.0348435,-70.4524795
Arthur's Way,44.042662,-70.3158895
Old County Road,44.089808,-70.451063
Whaleback Drive,44.0502275,-70.3826985
Spring Water Road,44.0220433,-70.3433059
Larch Drive,44.050407,-70.4417095
Larch Drive,44.052156,-70.440589
Worthley Pond Lane,44.0288423,-70.3425996
Amanda Circle,44.0293245,-70.3358325
Amanda Circle,44.028403,-70.336091
Ricker Road,44.0270613,-70.3658865
Ricker Road,44.0259785,-70.3647806
Ricker Road,44.0247157,-70.3650772
Black Duck Lane,44.0110635,-70.3988409
Black Duck Lane,44.0115895,-70.401523
Maine Street,44.0071894,-70.380509
Deerfield Road,43.9978705,-70.3916495
Outlet Road,43.9877807,-70.355722
Hale Road,44.0072309,-70.4380481
Shaker Road,43.9821084,-70.3661965
North Raymond Road,43.9564909,-70.3826802
Tiger Hill Road,44.0965685,-70.4654545
Black Island Road,44.0668986,-70.4779748
Old County Road,44.0988155,-70.460567
Marion Drive,41.022057,-80.604767
Johnston Place,41.033857,-80.623258
Johnston Place,41.0333935,-80.6183415
Botsford Street,41.027343,-80.6135425
Canavan Drive,41.035194,-80.6229415
Edna Street,41.0193645,-80.601404
Meadow Lane,41.0349755,-80.616807
Hamilton Avenue,41.036137,-80.610945
Cortland Street,41.0217421,-80.6124808
Diana Drive,41.0209575,-80.6014835
Venloe Drive,41.034395,-80.61085
Circle Drive,41.028368,-80.605009
Outlook Street,41.026457,-80.6143055
Colonial Estates Drive,41.0237118,-80.6145637
2nd Street,41.0256521,-80.6141429
East McKinley Way,41.0241276,-80.6129949
Lee Drive,41.0215645,-80.616475
College Street,41.0215644,-80.6144031
Hill Drive,41.029539,-80.60746
Pamela Court,41.020441,-80.606583
Nesbitt Street,41.0198425,-80.5997175
Nesbitt Street,41.0182396,-80.6074693
Water Street,41.0249228,-80.612601
Ohio Avenue,41.0227206,-80.6176445
Windemere Place,41.020974,-80.6236515
Yellow Creek Drive,41.0154807,-80.6148816
Poland Manor,41.016604,-80.6133985
Poland Manor,41.0181058,-80.6090365
Poland Manor,41.0179938,-80.6089649
Audubon Road,41.022672,-80.6216216
Ida Drive,41.029993,-80.6102185
North Main Street,41.031112,-80.615589
Edgewater Drive,41.0355755,-80.6106975
Sheridan Road,41.025424,-80.615944
Sheridan Road,41.0285092,-80.6192097
Audubon Lane,41.0200427,-80.6197058
Edgewood Oval,41.0072699,-80.6177469
Michigan Avenue,41.021111,-80.6172765
Lee Street,41.0210315,-80.6138945
Evergreen Drive,41.0199635,-80.599952
Indian Trail,41.011325,-80.6144705
Walker Court,41.0208511,-80.6074413
Delaware Avenue,41.0292685,-80.620783
Centennial Drive,41.029311,-80.6087885
Centennial Drive,41.0301995,-80.6108385
West McKinley Way,41.0242531,-80.6158574
Green Meadow Place,41.020958,-80.6102973
North Hine Circle,41.0194974,-80.6084125
Morse Place,41.025885,-80.613388
Ravine Place,41.0160435,-80.6110385
Ravine Place,41.0154545,-80.6099845
Massachusetts Avenue,41.0281276,-80.6203727
The Ledges,41.023383,-80.6092705
Alverne Drive,41.032822,-80.6196605
Alverne Drive,41.033893,-80.623337
Mc Kinley Way West,41.0242495,-80.6146925
Riverside Drive,41.02253,-80.6081639
Riverside Drive,41.025736,-80.606938
Riverside Drive,41.0275544,-80.6095684
College Lane,41.0182986,-80.6177584
Orchard Drive,41.0289645,-80.6114985
Duncan Drive,41.0255645,-80.605804
Island Drive,41.030728,-80.6161
Island Drive,41.030702,-80.6161
South Main Street,41.0232814,-80.6127082
Windemere Drive,41.0208511,-80.6226075
Cover Drive,41.0266214,-80.6200485
Beechwood Trail,41.01919,-80.621062
Beechwood Trail,41.0196632,-80.6224331
Sheridan Road,41.0341475,-80.6209261
East McKinley Way,41.0238157,-80.6086307
Fireman's Field,41.0262157,-80.6063349
Middle Range Pond,44.0260171,-70.3780642
Megquier Island,44.0646413,-70.4803587
Upper Range Pond,44.0047688,-70.3973115
Lower Range Pond,44.0486043,-70.3698763
Plains Road,44.052767,-70.3740071
Plains Road,44.0583209,-70.3828258
Empire Road,44.084806,-70.3219796
Grams,44.0721626,-70.3516341
Summit Golf Course,44.0456872,-70.4054226
Summit Spring Cemetery,44.0446791,-70.4059993
Fairlawn Golf Course,44.0524389,-70.3355131
East McKinley Way,41.0239323,-80.6102847
East McKinley Way,41.0239727,-80.6108624
Riverside Court,41.0211997,-80.6094021
Duff Road,44.0757338,-70.3976034
Page Road,44.0716449,-70.4045699
Poland Place,44.0733231,-70.4014228
Hilt Hollow,44.0651961,-70.4012097
South Main Street,41.0186356,-80.6072063
South Main Street,41.0216235,-80.6096148
South Main Street,41.0206035,-80.6087009
South Main Street,41.0195941,-80.6079393
Poland Spring Golf Course,44.03244,-70.3654085
Poland Spring Resort - The Lodge,44.0314016,-70.3674465
Poland Spring Resort - The Maine Inn,44.027207,-70.3621209
Poland Spring Resort - The Presidential Inn,44.0267405,-70.3653825
Poland Spring Bottling Center,44.0318583,-70.3551599
Cyndis Dockside,44.0362095,-70.3710055
Mels Hilltop Restaurant,44.029134,-70.3610277
Hiram Weston Ricker House,44.0253115,-70.3614815
Maine State Building,44.0270316,-70.3614181
All Souls Chapel,44.026634,-70.3609689
Nettie Ricker Conference Center,44.031426,-70.3594801
The Poland Springs Corporate Center,44.0321293,-70.3591288
The Spring House,44.0312571,-70.359578
Poland Spring Campground,44.0423651,-70.374432
Poland Crossing,44.069465,-70.4078578
Amelia's Trail,44.0349119,-70.3619643
Donald Ross Drive,44.0275977,-70.3610506
Griffin's Trail,44.0316338,-70.3576437
Maple Trail,44.0292067,-70.3600584
Montague's Trail,44.0347158,-70.3625423
The Boathouse,44.0363589,-70.3707151
Little Androscoggin River,44.1444461,-70.3763756
SL&A Berlin Subdivision,44.0672018,-70.3296462
Davis Brook Drive,44.0622518,-70.302607
Forest Drive,44.0628193,-70.3017387
Joshs Way,44.0656811,-70.2998923
Wedgewood Circle,44.0175421,-70.3706232
Carpenter Road,44.0133702,-70.3633136
Carpenter Road,44.0133198,-70.3633035
Simplicity Way,43.9957978,-70.3595861
Spring Water Road,44.0138227,-70.3625412
Spring Water Road,44.0137723,-70.3625311
Worthley Pond,44.020376,-70.3443813
Outlet Road,43.9894415,-70.366562
Poland Historical Society,44.0620348,-70.396327
Poland Town Hall,44.0619148,-70.3958199
Poland Town Office,44.0623436,-70.3962194
Pine Grove Cemetery,44.066991,-70.3988999
Peterson Park,41.0240108,-80.6139839
Riverside Cemetery,41.025764,-80.6087457
Fireman's Park,41.026059,-80.6064183
Poland Branch Library,41.0226773,-80.6107539
Robert's Drive,44.0786849,-70.3787658
Apple orchard,44.0786887,-70.3822878
Field,44.0777162,-70.3818136
Apple orchard,44.0772105,-70.3805674
Forest and field,44.0758885,-70.3777551
Heart of Poland Conservation Area,44.0637445,-70.4033881
Huntress Trail,44.0636003,-70.4033285
Ricker Trail,44.0615486,-70.3976086
White Oak Trail,44.062781,-70.4038648
Cave Trail,44.0625108,-70.4032438
Bragdon Hill Trail,44.023652,-70.4114615
Bragdon Hill Forest Trails,44.0195843,-70.418392
Bragdon Hill Forest Trails,44.0185739,-70.4195675
Bragdon Hill Forest Trails,44.0167515,-70.4178563
Bragdon Hill Forest Trails,44.017319,-70.4178635
Bragdon Hill Forest Trails,44.019217,-70.4175574
Bragdon Hill Forest Trails,44.0206537,-70.4169761
Bragdon Hill Forest Trails,44.0199786,-70.4114469
Bragdon Hill Forest Trails,44.02941,-70.4162171
Bragdon Hill Forest Trails,44.0248881,-70.4077299
Poland Town Forest,44.0258412,-70.4153294
Walgreens,41.0246209,-80.6160692
Poland Community trail,44.0628345,-70.393711
Poland Community Trail,44.0627461,-70.3937358
Pine Grove Little League Field,44.0689371,-70.3997632
Poland Regional High School / Bruce M. Whittier Middle School,44.0717559,-70.4134178
Railroad Trail,44.066859,-70.3975185
Railroad Trail,44.0691626,-70.396791
Range Pond State Park,44.0387705,-70.3499335
Poland Spring Preservation Society Park,44.0308854,-70.3627708
Poland Baptist Church,44.0438941,-70.3788401
Poland Poland Springs Post Office,44.0503247,-70.3806742
Range Pond State Park Trail,44.0402808,-70.35274
East Ridge Trail,44.0334375,-70.3376846
Montague's Trail,44.0391512,-70.3647783
Griffin's Trail,44.0370734,-70.3627587
Griffin's Trail,44.0271137,-70.3574685
Griffin's Trail,44.0286868,-70.356456
Mirror (Mud) Pond,44.0951472,-70.4540579
Shaker Bog,43.9957781,-70.3727317
Estes Bog,44.0212791,-70.3982878
Griffin's Trail,44.0273717,-70.3569205
Griffin's Trail,44.0284795,-70.3573293
Griffin's Trail,44.0299062,-70.3578808
Range Pond State Park Trail,44.0356925,-70.3508993
Range Pond State Park Trail,44.0374379,-70.3509997
Range Pond State Park Trail,44.0369789,-70.349342
Pine Trail,44.0350869,-70.3385872
Griffin's Trail,44.02587,-70.354946
Griffin's Trail,44.0260368,-70.3564527
Birch Drive,44.0205872,-70.3757865
Birch Drive,44.0196129,-70.3775205
Jackson Road,44.0500861,-70.4037755
Jackson Road,44.0489714,-70.4010157
Schellinger Road,44.0382126,-70.3778715
Schellinger Road,44.0376933,-70.3805997
Herrick Valley Road,44.0686111,-70.4506016
Herrick Valley Road,44.0642002,-70.4549138
Meadow Brook,44.0720087,-70.4577453
Meadow Brook,44.0624906,-70.4474986
Tripp Lake Road,44.0597679,-70.4191832
Tripp Lake Road,44.0591666,-70.4219269
White Oak Hill Road,44.0582423,-70.3965053
White Oak Hill Road,44.0556852,-70.3997289
Jordan Shore Drive,44.0540168,-70.426617
Jordan Shore Drive,44.0494137,-70.4277061
Cobb Road,44.063176,-70.3676061
Cobb Road,44.0627477,-70.3737785
Plains Road,44.051064,-70.3706981
Plains Road,44.0473845,-70.363216
Bakerstown Road,44.0620662,-70.4219035
Mechanic Falls Road,44.0887945,-70.3337305
Lane Road,44.0848052,-70.3334871
Lane Road,44.0852242,-70.3346654
Worthley Brook,44.0810234,-70.3362563
Worthley Brook,44.0512376,-70.3371907
Worthley Brook,44.0657847,-70.3414755
East McKinley Way,41.023693,-80.6065895
Union Elementary School,41.022683,-80.6066537
South Main Street,41.0222038,-80.6105641
South Main Street,41.0219934,-80.6101544
Yellow Creek,40.9820876,-80.6167605
Elm Street,41.020168,-80.6152297
Sheridan Road,41.0295751,-80.6203496
Community Center,44.0635266,-70.3030146
Jacks Way,44.0637209,-70.3035019
Amy Street,44.063008,-70.3053972
Island Drive,41.0312705,-80.6224245
West McKinley Way,41.0242612,-80.6170298
Poland Crushed Stone,44.0116273,-70.3517408
Bark Mulch Drive,44.0575087,-70.29577
Williams Way,44.063232,-70.3069036
Cote Drive,44.0668343,-70.3007574
Hill Valley Road,44.0867437,-70.4566984
Audubon Road,41.0204006,-80.6212637
Klondike Road,44.0684877,-70.4268307
Strawberry Lane,44.0156844,-70.3663562
Raven Drive,44.0146116,-70.3674585
Pumpkin Lane,44.0145383,-70.3678927
Beechnut Lane,44.0102529,-70.3700689
Cranberry Lane,44.0105985,-70.370756
Doe Lane,44.0111699,-70.3713036
Fiddle Head Lane,44.0121141,-70.3695493
Greenwood Drive,44.0128946,-70.3692527
Iris Drive,44.014089,-70.3711387
Moss Drive,44.0147805,-70.371673
Oriole Drive,44.016519,-70.3717788
Underwood Drive,44.018572,-70.370789
Wintergreen Drive,44.0183895,-70.3699186
Third Avenue,44.0247667,-70.3750625
Harts Lane,44.079127,-70.3287616
Estes Way,44.0346675,-70.4034733
Jessica Way,44.0279489,-70.4371755
Buzzys Way,44.0342517,-70.4046948
Whispering Pine Drive,44.0291016,-70.4378137
Tamerack Way,44.0289722,-70.4370119
Horse View Lane,44.0782293,-70.3297791
Poland Transfer Station,44.0663871,-70.4090729
Number 5 Road,44.0061205,-70.3826494
Compost Lane,44.0668925,-70.4099251
Dead Pond Road,44.0543167,-70.3832662
Serenity Cove Lane,44.0558993,-70.458323
Bishop Road,44.0200818,-70.3424216
Bass Cove Lane,44.0252567,-70.4698981
Lunt Lane,44.0503932,-70.455578
Michals Lane,44.0594947,-70.4539151
Harvest Drive,44.0145016,-70.3703636
Reduce It Drive,44.0669161,-70.4088732
Boot Hill Road,44.062082,-70.4140124
Billfred Way,44.0628906,-70.4531582
Starry Night Drive,44.0008651,-70.3639319
McEachern Drive,44.0027069,-70.3928792
Ferry Acres Road,44.0349223,-70.4493468
Young Lane,44.0462432,-70.3949359
Legendre Lane,44.0621436,-70.4663552
Plummer Road,44.0445674,-70.4499051
Webster Way,44.0515013,-70.3550389
Taylor Brook Drive,44.0413314,-70.4242623
Carr Way,44.0078993,-70.4069944
Island Cove Lane,44.0712685,-70.4727498
Whisper Wind Way,44.0777324,-70.4022286
Welch Lane,44.0654545,-70.3860962
Rollys Camp Road,44.0071148,-70.3884898
Island Cove Lane,44.0692189,-70.4737042
Rockwood Lane,44.0687883,-70.4703983
Kinney Woods Lane,44.0363423,-70.404861
Half Moon Lane,44.0526961,-70.4567226
Alexander Lane,44.0929292,-70.3659454
Old Woods Road,44.0626927,-70.3296487
Carlotta Way,44.0769098,-70.3495652
Narrow Way Road,44.0748947,-70.3445928
Brittneys Way,44.0780041,-70.3170126
Hotham Lane,44.0781365,-70.3535262
Elm Street Extension,44.0855077,-70.3703926
Sandy Lane,44.0922025,-70.3504918
Paislee Way,44.06196,-70.3072518
North Hine Circle,41.0186004,-80.6082929
Nesbitt Street,41.019218,-80.6045257
Poland Village Green,41.0190051,-80.6080779
Poland Presbyterian Church,41.018818,-80.6089003
Poland Village Cemetery,41.0192213,-80.6093359
The Inn at the Green,41.018091,-80.6071723
Kirtland-Hine House,41.0196255,-80.6074524
Dr. Eli Mygatt House,41.0198381,-80.6077051
Nesbitt House,41.0188323,-80.6069031
Lee House,41.0202935,-80.6081841
Landgrab House,41.0206177,-80.6083634
Farmers Deposit & Savings Bank,41.0209908,-80.6087027
Robert L. Walker House,41.0213519,-80.6086951
Water Street,41.0292565,-80.608168
The Ledges,41.0231788,-80.6092928
Riverside Court,41.0210877,-80.6095534
Green Meadow Acres,41.0205247,-80.6104722
Riverside Court,41.0209081,-80.6094604
Morse Hall,41.0206884,-80.6090454
Function Hall,44.0437087,-70.3750024
Camp Tall Pines,44.0456682,-70.3748284
Sheridan Road,41.0270588,-80.617699
North Elementary School,41.0346213,-80.6190712
Mill Pond,43.990351,-70.3637979
Mill Stream,43.9857203,-70.3592142
Mill Stream,43.9881943,-70.3641761
Mill Stream,43.9876036,-70.3637337
Billfred Way,44.0630272,-70.4508111
Hope Springs Road,44.0697418,-70.348839
Autumn Drive,44.0109473,-70.3665185
Rays Lane,44.0272047,-70.4692603
Garretts Lane,44.0647031,-70.4227047
Lenahans Lane,44.0127162,-70.3950129
Sunderland Road,44.076392,-70.437912
Oak Lane,44.0673883,-70.4252697
Elm Street,41.0208511,-80.6141296
Chase,41.0249946,-80.6148407
Farmers National Bank,41.024499,-80.6177101
Poland Post Office,41.0237956,-80.6183908
Berkshire Hathaway Home Services,41.0240316,-80.615898
Chemical Bank,41.0240215,-80.614695
Shell,41.0254745,-80.6157732
Shell,41.0256559,-80.6158347
KeyBank,41.0235015,-80.6138055
East Beechwood Trail,41.0182537,-80.6255427
West Beechwood Trail,41.0192273,-80.6280859
East Shipsky's Trail,41.0184012,-80.627383
Lower McKinley Trail,41.0170223,-80.6272765
Beaver Dam Trail,41.015035,-80.6271398
Drake Run Trail,41.0158115,-80.6284333
Shipsky's Trail,41.016663,-80.6284892
Paulin Drive Connector,41.0141936,-80.6277714
Butler Trail,41.0137577,-80.6247177
Gutknecht Trail,41.0167479,-80.6219115
Upper McKinley Trail,41.0161897,-80.622135
North Pine Trail,41.0148004,-80.6232411
Tulip Tree Trail,41.0151747,-80.6208744
Bluebell Trail,41.0107293,-80.620194
Big Rock Trail,41.0140818,-80.6230951
South Pine Trail,41.0138816,-80.6233038
Log Cabin Trail,41.0138405,-80.6217053
Big Willow Trail,41.0126972,-80.6214459
Fading Path Trail,41.0149681,-80.6203709
Tornado Trail,41.0103512,-80.6227143
Trillium Trail,41.0110698,-80.6245272
Thatcher Trail,41.0143605,-80.6166766
Stinging Nettle Pass,41.0125281,-80.6193085
Shelter House Trail,41.0106741,-80.6190371
Connector Bridge,41.0118128,-80.6192825
Connector Bridge,41.0119517,-80.6189883
Connector Bridge,41.0118953,-80.619093
Edgewood Oval,41.0076373,-80.6202712
Walkers Meadow Trail,41.0079745,-80.6212053
Edgewood Connector,41.0070761,-80.6189935
Burgess Run,41.0049298,-80.6155278
Range Pond State Park Trail,44.0356856,-70.352181
Range Pond State Park Trail,44.0361427,-70.3515095
Range Pond State Park Trail,44.0390249,-70.351252
West McKinley Way,41.0242497,-80.6150225
North Main Street,41.0244182,-80.614841
Ã‰lan School,44.0085015,-70.3851414
E-3,44.0075534,-70.3866252
E-8,44.0079968,-70.3866436
Nurse's office,44.0080883,-70.3870964
Manor Trail,41.0155072,-80.6172113
Elan 7,44.0070709,-70.3830565
Security/Switchboard,44.0077459,-70.385801
East Ridge Trail,44.0359524,-70.3387082
Rock Ring Trail,44.0316138,-70.3419291
Deer Trail,44.0333355,-70.3404626
Brook Trail,44.0384125,-70.3382903
Worthley Brook,44.0743712,-70.3390766
Worthley Brook,44.0747384,-70.3384951
South Main Street,44.0756084,-70.4160932
South Main Street,44.0756561,-70.416134
Butler Circle,41.0158347,-80.619226
Bluebell Trail,41.0148806,-80.6186508
Tulip Tree Trail,41.0151655,-80.619417
Tulip Tree Trail,41.0150401,-80.6195824
Butler Trail,41.0160374,-80.6247333
Butler Trail,41.0154951,-80.6247465
Beaver Dam Trail,41.0166696,-80.6299465
Beaver Dam Trail,41.0158373,-80.6295734
Drake's Run,41.0152385,-80.622339
Bluebell Trail,41.0133177,-80.6194446
Bluebell Trail,41.012498,-80.6203496
Big Willow Trail,41.0106904,-80.6220857
Big Willow Trail,41.0107148,-80.6222698
Butler Trail,41.0107732,-80.6247286
Butler Trail,41.0120058,-80.6247283
Randy's Run,41.0206216,-80.6259187
Audubon Road,41.0208891,-80.6215103
Audubon Lane,41.0199562,-80.6172773
Poland Village Hall,41.022005,-80.611703
Holy Family Catholic Church,41.0227089,-80.600033
Zedaker Pavilion,41.0151013,-80.6190985
Tulip Tree Trail,41.0150783,-80.6197463
Bremner Shelter,41.01539,-80.6191323
Butler Circle,41.0152133,-80.6191051
Bluebell Trail,41.0150525,-80.6187201
Butler Circle,41.0153986,-80.6192863
Mitchell Entrance Lot,41.0164903,-80.619224
Lovell Bridge,41.0150405,-80.6195828
Drake's Run,41.0156839,-80.6287916
Thatcher Trail,41.0105389,-80.6189694
Gutknecht Entrance Lot,41.0111062,-80.6176233
Manor Trail,41.0166149,-80.6156637
Red Trail,41.0143094,-80.6182903
Bluebell Trail,41.0144702,-80.6186251
Old Camp Trail,44.0448256,-70.3638328
Lane Cemetery,44.0767731,-70.3274567
Range Pond State Park Trail,44.0459314,-70.3654772
Range Pond State Park Trail,44.0429786,-70.3583891
Old Fields Trail,44.046529,-70.3647686
Old Fields Trail,44.0454803,-70.3639127
Old Camp Trail,44.0428185,-70.3563367
North Lima Road,41.0186971,-80.6078198
North Lima Road,41.0165195,-80.608107
Water Street,41.026663,-80.610939
Lewiston Junction Road Solar,44.0505317,-70.3068696
Poland Middle School,41.0205816,-80.6148241
McKinley Elementary School,41.0202769,-80.6140242
Poland Manor,41.017145,-80.6111154
Poland Manor,41.018524,-80.6080451
Poland Manor,41.0183989,-80.6080187
Poland Corner Road,44.0610928,-70.3912933
Black Island Road,44.0643147,-70.4770272
Black Island,44.0669308,-70.4783602
West McKinley Way,41.0242657,-80.618169
North Main Street,41.0254798,-80.615304
Range Pond State Park Trail,44.0393299,-70.3499345
Randy's Run,41.0162293,-80.6265125
Randy's Run,41.0171385,-80.6260123
Wickshire Senior Living Poland,41.0236632,-80.6234039
Valley Insurance Group,41.0259965,-80.616971
Poland Fire Department Station 91,41.02369,-80.612935
Alvan Bolster Ricker Memorial Library and Community House,44.061531,-70.395
James Liddle House,41.0310436,-80.6159814
Cunningham Becker Funeral Home,41.0290235,-80.6149425
Estes Bog Dam,44.0199175,-70.3948376
Railroad Trail,44.0698857,-70.3972095
Riverside Drive,41.0275915,-80.6079392
Riverside Drive,41.0274664,-80.6092282
Worthley Brook,44.0448949,-70.3303739
Worthley Brook,44.0422053,-70.3297771
Middle Range Pond Dam,44.0376402,-70.3733469
Charles N. Kirtland House,41.0160466,-80.6086192
American Legion Hall,41.0207811,-80.612768
Richard Hall House,41.0228037,-80.6122053
Premier Bank,41.0229174,-80.6125837
El Vallarta,41.0246331,-80.6183791
Nemenz Professional Building,41.0251064,-80.6167669
Howard Hanna,41.0247145,-80.6171497
Old Post Office,41.0229337,-80.6115919
Rice-Lanergan House,41.0231055,-80.6118139
McKinley-Duncan House,41.022973,-80.6114395
Ike Dustman House,41.0228478,-80.6113463
Dickson Weyer House,41.0231357,-80.612013
Thomas S. Burkert M.D.,41.0232854,-80.6123017
Frank C. Filisky,41.0233786,-80.6124828
Old Stone Tavern,41.0234738,-80.6127082
Woodruff Foundry,41.0222033,-80.6100522
Woodruff House,41.0219248,-80.6094827
Poland Rotary Memorial Park,41.0217789,-80.6103526
Centennial Garden,41.0216603,-80.6117689
Adam Case House,41.0243049,-80.6128355
Harley A. Tuttle House,41.0256967,-80.6115791
Dr. Joseph Truesdale House,41.0245369,-80.612642
James McNabb Home,41.0225883,-80.6076006
Jacob Lee House,41.0226006,-80.6083884
James McNabb House,41.0227525,-80.6081984
Margaret Wynn Memorial Baptist Church,41.0272439,-80.6097398
Poland Village Baptist Church,41.0309427,-80.6072321
Riverside Cemetery Office,41.0246959,-80.6065944
Jacqueline's Bridal,41.0246044,-80.614648
Hometown Fixxer Upper,41.02443,-80.6141548
Delta Telecom,41.0243328,-80.6134742
Cocca's Pizza,41.0238149,-80.6125976
Botsford Home,41.0272705,-80.6127797
Blackburn Home,41.0268282,-80.611725
Highland Cemetery,44.0412915,-70.4479461
Locust Cemetery,44.0625394,-70.3941469
Excelsior Grange,44.0826076,-70.3651835
Androscoggin County Sheriff's Department Poland Unit,44.0618523,-70.3955787
Poland Community School,44.0646273,-70.3958201
Thompson Lake,44.0757912,-70.4876676
Aroostock Scenic Highway,45.2933213,-69.6355063
Poland Spring Resort,44.032104,-70.3654085
Poland Spring Preservation Park,44.0317558,-70.3593479
Little Androscoggin River,44.2128971,-70.4305502
St. Lawrence and Atlantic Railroad,44.3766047,-70.9423383
St. Lawrence and Atlantic Railroad Berlin Subdivision,44.4187625,-71.0727803
Poland Municipal Forest,41.0123356,-80.6211579
Mahoning 163,40.9968786,-80.6197718
WRTA 24: Hillman Way & Midlothian Boulevard => Southern Park Mall,41.039595,-80.6394975
WRTA 24: Southern Park Mall => Hillman Way & Midlothian Boulevard,41.0403646,-80.6392942
Tripp Pond,44.0551449,-70.4318539
